{
  "users": [
    {
      "id": "user1",
      "username": "admin",
      "password": "U2FsdGVkX1+MHAOf1MDxxXOaUr9zM3dNdGN3FJiD3GM=",
      "nombre": "Administrador Principal",
      "rol": "admin"
    },
    {
      "id": "user2",
      "username": "visitante",
      "password": "U2FsdGVkX18JYuBbbX8NV6tL0pxo+qph+wzI4jgN4Xs=",
      "nombre": "Visualizador Invitado",
      "rol": "visitante"
    },
    {
      "id": "5600",
      "username": "visitante",
      "password": "U2FsdGVkX1/cOiW5MOfdhSO9Td+kg/P+4eWsFY8LCS8=",
      "rol": "visitante"
    },
    {
      "id": "eab1",
      "username": "editor",
      "password": "U2FsdGVkX18nyDASwVBPEz3wU3Thsex0vUek7d8E/Ok=",
      "rol": "editor"
    }
  ],
  "events": [
    {
      "id": "2063",
      "name": "curso1",
      "descrp": "curso1",
      "fecha": "08/87/2025",
      "capacidad": "12"
    },
    {
      "id": "8a80",
      "name": "curso2",
      "descrp": "curso2",
      "fecha": "12",
      "capacidad": "12"
    }
  ]
}