{
  "users": [
    {
      "id": "user1",
      "username": "admin",
      "password": "U2FsdGVkX1+MHAOf1MDxxXOaUr9zM3dNdGN3FJiD3GM=",
      "nombre": "Administrador Principal",
      "rol": "admin"
    },
    {
      "id": "user2",
      "username": "visitante",
      "password": "U2FsdGVkX19dtQX6G+JCAnqftZx6dBRWgIGGEMzYcBE=",
      "nombre": "Visualizador Invitado",
      "rol": "visitante"
    },
    {
      "id": "0a76",
      "username": "gaby",
      "password": "U2FsdGVkX18iDr9j6SsJt5nCb8opp+34iitJ7MwMuzk=",
      "rol": "visitante"
    },
    {
      "id": "ffe6",
      "username": "user4",
      "password": "U2FsdGVkX1/EFhcIJaNSLtdp6NGevUxAl6/yACzvLtw=",
      "rol": "visitante"
    }
  ],
  "events": [
    {
      "name": "curso2",
      "descrp": "curso2",
      "fecha": "12/07/2025",
      "capacidad": "12",
      "id": "8a80"
    },
    {
      "id": "bb8e",
      "name": "curso3",
      "descrp": "curso3",
      "fecha": "12",
      "capacidad": "12"
    },
    {
      "name": "curso 4",
      "descrp": "hola",
      "fecha": "12/09/2025",
      "capacidad": "10",
      "id": "fa94"
    }
  ],
  "registers": [
    {
      "id": "144c",
      "eventoId": "8a80",
      "user": "visitante"
    },
    {
      "id": "512e",
      "eventoId": "bb8e",
      "user": "user4"
    }
  ]
}